_id,version,code,district_type_kh,district_type_en,name_en,reference,issued_date,prefix,name,city_provinces,createdAt,updatedAt,__v,note
1203,1,1203,ខណ្ឌ,Khan,Prampir Meakkakra,ប្រកាសលេខ ៤៩៣ ប្រ.ក,2001-04-29T17:00:00.000+0000,203,៧មករា,12,2020-09-07 01:59:43.396,2020-09-07 01:59:43.396,0,
1603,1,1603,ស្រុក,District,Bar Kaev,ប្រកាសលេខ ៤៩៣ ប្រ.ក,2001-04-29T17:00:00.000+0000,202,បរកែវ,16,2020-09-07 01:59:43.396,2020-09-07 01:59:43.396,0,
1104,1,1104,ស្រុក,District,Pech Chreada,ប្រកាសលេខ ៤៩៣ ប្រ.ក,2001-04-29T17:00:00.000+0000,202,ពេជ្រាដា,11,2020-09-07 01:59:43.397,2020-09-07 01:59:43.397,0,
1302,1,1302,ស្រុក,District,Chhaeb,លេខប្រកាស ៤៩៣ ប្រ.ក,2001-04-29T17:00:00.000+0000,202,ឆែប,13,2020-09-07 01:59:43.396,2020-09-07 01:59:43.396,0,
1713,1,1713,ស្រុក,District,Svay Leu,,,202,ស្វាយលើ,17,2020-09-07 01:59:43.395,2020-09-07 01:59:43.395,0,
2202,1,2202,ស្រុក,District,Banteay Ampil,,,202,បន្ទាយអំពិល,22,2020-09-07 01:59:43.395,2020-09-07 01:59:43.395,0,
1402,1,1402,ស្រុក,District,Kamchay Mear,លេខ​៤៩៣​ប្រ.ក,2001-04-29T17:00:00.000+0000,202,កំចាយមារ,14,2020-09-07 01:59:43.395,2020-09-07 01:59:43.395,0,តាមប្រកាសរបស់ក្រសួងមហាផ្ទៃលេខ ៤៩៣ ប្រ.ក ចុះថ្ងៃទី៣០ ខែមេសា ឆ្នាំ២០០១
1505,1,1505,ក្រុង,Municipality,Pursat,លេខ​ ១៤​ អនក្រ.បក,2009-01-08T17:00:00.000+0000,201,ពោធិ៍សាត់,15,2020-09-07 01:59:43.395,2020-09-07 01:59:43.395,0,ស្តីពីការកែសម្រួលព្រំប្រទល់រដ្ឋបាល​និងការប្តូរស្រុកសំពៅមាស​ទៅជាក្រុងពោធិសាត់
1213,1,1213,ខណ្ឌ,Khan,Boeng Keng Kang,អនុក្រឹត្យលេខ០៣ អនក្រ.បក,2019-01-07T17:00:00.000+0000,203,បឹងកេងកង,12,2020-09-07 01:59:43.396,2020-09-07 01:59:43.396,0,កាត់យកសង្កាត់ចំនួន៧ពីខណ្ណចំការម​ន
902,3,902,ស្រុក,District,Kiri Sakor,ប្រកាសលេខ ៤៩៣ ប្រ.ក របស់ក្រសួងមហាផ្ទៃ,2001-04-29T17:00:00.000+0000,202,គិរីសាគរ,9,2020-09-07 01:59:43.398,2020-09-07 01:59:43.398,0,
108,1,108,ស្រុក,District,Svay Chek,ប្រកាសលេខ ៤៩៣ប្រ.ក,2001-04-29T17:00:00.000+0000,202,ស្វាយចេក,1,2020-09-07 01:59:43.400,2020-09-07 01:59:43.400,0,
601,1,601,ស្រុក,District,Baray,ប្រកាសលេខ ៤៩៣ប្រ.ក,2001-04-29T17:00:00.000+0000,202,បារាយណ៍,6,2020-09-07 01:59:43.398,2020-09-07 01:59:43.398,0,
401,1,401,ស្រុក,District,Baribour,ប្រកាសលេខ៤៩៣ ប្រ.ក,2001-04-29T17:00:00.000+0000,202,បរិបូណ៌,4,2020-09-07 01:59:43.399,2020-09-07 01:59:43.399,0,
609,1,609,ស្រុក,District,Taing Kouk,អនុក្រឹតលេខ០៥ អនក្រ.បក,2019-01-07T17:00:00.000+0000,202,តាំងគោក,6,2020-09-07 01:59:43.399,2020-09-07 01:59:43.399,0,អនុក្រឹតលេខ០៥ អនក្រ.បក កាត់យក8ឃុំ ពីស្រុកបារាណ៌
308,1,308,ស្រុក,District,Kaoh Soutin,ប្រកាសលេខ ៤៩៣ប្រ.ក,2001-04-29T17:00:00.000+0000,202,កោះសូទិន,3,2020-09-07 01:59:43.401,2020-09-07 01:59:43.401,0,
213,1,213,ស្រុក,District,Koas Krala,លេខ​៤៩៣ប្រ.ក,2001-04-29T17:00:00.000+0000,202,គាស់ក្រឡ,2,2020-09-07 01:59:43.399,2020-09-07 01:59:43.399,0,តាមប្រកាសរបស់ក្រសួងមហាផ្ទៃ
1306,1,1306,ស្រុក,District,Sangkum Thmei,លេខប្រកាស ៤៩៣ ប្រ.ក,2001-04-29T17:00:00.000+0000,202,សង្គមថ្មី,13,2020-09-07 01:59:43.397,2020-09-07 01:59:43.397,0,
1805,1,1805,ក្រុង,Municipality,Kaoh Rung,អនុក្រឹត្យលេខ០២អនក្រ.បក,2019-01-07T17:00:00.000+0000,201,កោះរ៉ុង,18,2020-09-07 01:59:43.398,2020-09-07 01:59:43.398,0,បង្កើតក្រុងថ្មីដោយយក២សង្កាត់ពីក្រុងព្រះសីហនុ
703,1,703,ស្រុក,District,Chhuk,ប្រកាសលេខ ៤៩៣ ប្រ.ក  របស់ក្រសួងមហាផ្ទៃ,2001-04-29T17:00:00.000+0000,202,ឈូក,7,2020-09-07 01:59:43.398,2020-09-07 01:59:43.398,0,
1702,1,1702,ស្រុក,District,Angkor Thum,,,202,អង្គរធំ,17,2020-09-07 01:59:43.397,2020-09-07 01:59:43.397,0,
2401,1,2401,ក្រុង,Municipality,Pailin,លេខ 05​អនក្រុ.បក,,201,ប៉ៃលិន,24,2020-09-07 01:59:43.398,2020-09-07 01:59:43.398,0,"យោងតាមអនុក្រឹត្យលេខ​០៥​អនក្រ,បក​ចុះថ្ងៃទី០៩​ខែមករា​ឆ្នាំ2009ស្តីពីការប្ដូរខណ្ឌ​នៃខេត្តប៉ៃលិនទៅជាក្រុងនិងស្រុក"
1211,1,1211,ខណ្ឌ,Khan,Praek Pnov,អនុក្រឹត្យលេខ៥៧៨ អនក្រ.បក,2013-12-24T17:00:00.000+0000,203,ព្រែកព្នៅ,12,2020-09-07 01:59:43.396,2020-09-07 01:59:43.396,0,អនុក្រឹត្យស្តីពីការបង្កើតខណ្ឌថ្មី
1507,1,1507,ស្រុក,District,Ta Lou Senchey,អនុក្រឹត្យលេខ ០៧ អនក្រ.បក,2019-01-07T17:00:00.000+0000,202,តាលោសែនជ័យ,15,2020-09-07 01:59:43.397,2020-09-07 01:59:43.397,0,កាត់យកឃុំ២ ពីស្រុកបាកាន និងស្រុកភ្នំក្រវ៉ាញ
1707,1,1707,ស្រុក,District,Puok,,,202,ពួក,17,2020-09-07 01:59:43.397,2020-09-07 01:59:43.397,0,
313,1,313,ស្រុក,District,Prey Chhor,ប្រកាសលេខ ៤៩៣ប្រ.ក,2001-04-29T17:00:00.000+0000,202,ព្រៃឈរ,3,2020-09-07 01:59:43.400,2020-09-07 01:59:43.400,0,
705,1,705,ស្រុក,District,Dang Tong,ប្រកាសលេខ ៤៩៣ ប្រ.ក របស់ក្រសួងមហាផ្ទៃ,2001-04-29T17:00:00.000+0000,202,ដងទង់,7,2020-09-07 01:59:43.400,2020-09-07 01:59:43.400,0,
403,1,403,ក្រុង,Municipality,Kampong Chhnang,អនុក្រឹត្យលេខ២៣១ អនក្រ.បក,2008-12-29T17:00:00.000+0000,201,កំពង់ឆ្នាំង,4,2020-09-07 01:59:43.399,2020-09-07 01:59:43.399,0,
406,1,406,ស្រុក,District,Rolea B'ier,ប្រកាសលេខ៤៩៣ ប្រ.ក,2001-04-29T17:00:00.000+0000,202,រលាប្អៀរ,4,2020-09-07 01:59:43.399,2020-09-07 01:59:43.399,0,
501,1,501,ស្រុក,District,Basedth,លេខ​៤៩៣​ប្រ.ក,2001-04-29T17:00:00.000+0000,202,បរសេដ្ឋ,5,2020-09-07 01:59:43.400,2020-09-07 01:59:43.400,0,តាមប្រកាសក្រសួងមហាផ្ទៃ
808,1,808,ស្រុក,District,Angk Snuol,លេខ ៤៩៣ ប្រ.ក,2001-04-29T17:00:00.000+0000,202,អង្គស្នួល,8,2020-09-07 01:59:43.399,2020-09-07 01:59:43.399,0,តាមប្រកាសក្រសួងមហាផ្ទៃ
1904,1,1904,ក្រុង,Municipality,Stueng Traeng,អនុក្រឹត្យលេខ២២៤ អនក្រ.បក,2008-12-29T17:00:00.000+0000,201,ស្ទឹងត្រែង,19,2020-09-07 01:59:43.396,2020-09-07 01:59:43.396,0,
2205,1,2205,ស្រុក,District,Trapeang Prasat,,,202,ត្រពាំងប្រាសាទ,22,2020-09-07 01:59:43.395,2020-09-07 01:59:43.395,0,
1301,1,1301,ស្រុក,District,Chey Saen,លេខប្រកាស ៤៩៣ ប្រ.ក,2001-04-29T17:00:00.000+0000,202,ជ័យសែន,13,2020-09-07 01:59:43.397,2020-09-07 01:59:43.397,0,
1411,1,1411,ស្រុក,District,Pur Rieng,លេខ ៤៩៣ ប្រ.ក,2001-04-29T17:00:00.000+0000,202,ពោធិ៍រៀង,14,2020-09-07 01:59:43.396,2020-09-07 01:59:43.396,0,តាមប្រកាសរបស់ក្រសួងមហាផ្ទៃលេខ ៤៩៣ ប្រ.ក ចុះថ្ងៃទី៣០ ខែមេសា ឆ្នាំ២០០១ and Sub-Degree 172 on 25 July 2011 - Change from Kampong Leav កំពង់លាវ
903,1,903,ស្រុក,District,Kaoh Kong,ប្រកាសលេខ​ ៤៩៣ ប្រ.ក របស់ក្រសួងមហាផ្ទៃ,2001-04-29T17:00:00.000+0000,202,កោះកុង,9,2020-09-07 01:59:43.398,2020-09-07 01:59:43.398,0,
2003,1,2003,ស្រុក,District,Rumduol,៤៩៣ ប្រ.ក,2001-04-29T17:00:00.000+0000,202,រំដួល,20,2020-09-07 01:59:43.395,2020-09-07 01:59:43.395,0,តាមប្រកាសរបស់ក្រសួងមហាផ្ទៃលេខ ៤៩៣ ប្រ.ក ចុះថ្ងៃទី៣០ ខែមេសា ឆ្នាំ២០០១
1601,1,1601,ស្រុក,District,Andoung Meas,,,202,អណ្ដូងមាស,16,2020-09-07 01:59:43.397,2020-09-07 01:59:43.397,0,
1504,1,1504,ស្រុក,District,Phnum Kravanh,លេខ​៤៩៣​ប្រ.ក,2001-04-29T17:00:00.000+0000,202,ភ្នំក្រវ៉ាញ,15,2020-09-07 01:59:43.397,2020-09-07 01:59:43.397,0,តាមប្រកាសរបស់ក្រសួងមហាផ្ទៃ
1210,1,1210,ខណ្ឌ,Khan,Chraoy Chongvar,អនុក្រឹត្យលេខ៥៧៧ អនក្រ.បក,2013-12-24T17:00:00.000+0000,203,ជ្រោយចង្វារ,12,2020-09-07 01:59:43.395,2020-09-07 01:59:43.395,0,អនុក្រឹត្យស្តីពីការបង្កើតខណ្ឌថ្មី
1706,1,1706,ស្រុក,District,Kralanh,,,202,ក្រឡាញ់,17,2020-09-07 01:59:43.397,2020-09-07 01:59:43.397,0,
2504,1,2504,ស្រុក,District,Ou Reang Ov,Royal Degree 1445,2013-12-30T17:00:00.000+0000,202,អូររាំងឪ,25,2020-09-07 01:59:43.398,2020-09-07 01:59:43.398,0,Royal Degree 1445 on 31 Dec 2013 Move to Tboung Khmum
2204,1,2204,ក្រុង,Municipality,Samraong,,,201,សំរោង,22,2020-09-07 01:59:43.395,2020-09-07 01:59:43.395,0,
1408,1,1408,ស្រុក,District,Pea Reang,តាមប្រកាសលេខ ៤៩៣ ប្រ.ក,2001-04-29T17:00:00.000+0000,202,ពារាំង,14,2020-09-07 01:59:43.396,2020-09-07 01:59:43.396,0,តាមប្រកាសរបស់ក្រសួងមហាផ្ទៃលេខ ៤៩៣ ប្រ.ក ចុះថ្ងៃទី៣០ ខែមេសា ឆ្នាំ២០០១
1105,1,1105,ក្រុង,Municipality,Saen Monourom,អនុក្រឹតលេខ ២២៦ អនក្រ.បក,2008-12-29T17:00:00.000+0000,201,សែនមនោរម្យ,11,2020-09-07 01:59:43.395,2020-09-07 01:59:43.395,0,កាលពីមុនជាស្រុកសែនមនោរម្យតាមប្រកាសលេខ ៤៩៣ ប្រ.ក ចុះថ្ងៃទី៣០ ខែមេសា ឆ្នាំ២០០១​ របស់ក្រសួងមហាផ្ទៃ បច្ចុន្បន្នជាក្រុងសែនមនោរម្យតាមអនុក្រឹតលេខ ២២៦ អនក្រ.បក ចុះថ្ងៃទី៣០ ខែធ្នូ ឆ្នាំ២០០៨។
2002,1,2002,ស្រុក,District,Kampong Rou,៤៩៣ ប្រ.ក,2001-04-29T17:00:00.000+0000,202,កំពង់រោទិ៍,20,2020-09-07 01:59:43.394,2020-09-07 01:59:43.394,0,តាមប្រកាសរបស់ក្រសួងមហាផ្ទៃ
1501,1,1501,ស្រុក,District,Bakan,លេខ​៤៩៣​ប្រ.ក,2001-04-29T17:00:00.000+0000,202,បាកាន,15,2020-09-07 01:59:43.396,2020-09-07 01:59:43.396,0,តាមប្រកាសរបស់ក្រសួងមហាផ្ទៃ
702,1,702,ស្រុក,District,Banteay Meas,ប្រកាសលេខ ៤៩៣ ប្រ.ក  របស់ក្រសួងមហាផ្ទៃ,2001-04-29T17:00:00.000+0000,202,បន្ទាយមាស,7,2020-09-07 01:59:43.398,2020-09-07 01:59:43.398,0,
505,1,505,ស្រុក,District,Odongk,លេខ​៤៩៣​ប្រ.ក,2001-04-29T17:00:00.000+0000,202,ឧដុង្គ,5,2020-09-07 01:59:43.400,2020-09-07 01:59:43.400,0,តាមប្រកាសក្រសួងមហាផ្ទៃ
305,1,305,ក្រុង,Municipality,Kampong Cham,អនុក្រឹត្យលេខ ២៣០អនក្រ.បក,2008-11-29T17:00:00.000+0000,201,កំពង់ចាម,3,2020-09-07 01:59:43.398,2020-09-07 01:59:43.398,0,អនុក្រឹត្យលេខ ២៣០អនក្រ.បក ស្តីពីការប្តូរស្រុកកំពង់ចាម ទៅជាក្រុងកំពង់ចាម
502,1,502,ក្រុង,Municipality,Chbar Mon,អនុក្រឹត្យលេខ​ ២២៩ អនក្រ.បក,2008-12-29T17:00:00.000+0000,201,ច្បារមន,5,2020-09-07 01:59:43.400,2020-09-07 01:59:43.400,0,ពីមុនជាស្រុកច្បារមន​ឥឡូវបានផ្តូរមនជាក្រុងច្បារមន
201,1,201,ស្រុក,District,Banan,លេខ​៤៩៣​ប្រ.ក,2001-04-29T17:00:00.000+0000,202,បាណន់,2,2020-09-07 01:59:43.399,2020-09-07 01:59:43.399,0,
801,1,801,ស្រុក,District,Kandal Stueng,លេខ ៤៩៣ ប្រ.ក,2001-04-29T17:00:00.000+0000,202,កណ្ដាលស្ទឹង,8,2020-09-07 01:59:43.398,2020-09-07 01:59:43.398,0,តាមប្រកាសក្រសួងមហាផ្ទៃ
807,1,807,ស្រុក,District,Mukh Kampul,លេខ ៤៩៣ ប្រ.ក,2001-04-29T17:00:00.000+0000,202,មុខកំពូល,8,2020-09-07 01:59:43.398,2020-09-07 01:59:43.398,0,តាមប្រកាសក្រសួងមហាផ្ទៃ
315,1,315,ស្រុក,District,Stueng Trang,ប្រកាសលេខ ៤៩៣ប្រ.ក,2001-04-29T17:00:00.000+0000,202,ស្ទឹងត្រង់,3,2020-09-07 01:59:43.400,2020-09-07 01:59:43.400,0,
1714,1,1714,ស្រុក,District,Varin,,,202,វ៉ារិន,17,2020-09-07 01:59:43.396,2020-09-07 01:59:43.396,0,
1906,1,1906,ស្រុក,District,Borei Ou Svay Senchey,អនុក្រឹត្យលេខ០៦ អនក្រ.បក,2019-01-07T17:00:00.000+0000,202,បុរីអូរស្វាយសែនជ័យ,19,2020-09-07 01:59:43.396,2020-09-07 01:59:43.396,0,កាត់យកឃុំ៣ពីស្រុកថាឡាបរិវ៉ាត់
2103,1,2103,ស្រុក,District,Borei Cholsar,លេខ ៤៩៣ ប្រ.ក,2001-04-29T17:00:00.000+0000,202,បូរីជលសារ,21,2020-09-07 01:59:43.395,2020-09-07 01:59:43.395,0,
1412,1,1412,ស្រុក,District,Sithor Kandal,លេខ​៤៩៣​ប្រ.ក,2001-04-29T17:00:00.000+0000,202,ស៊ីធរកណ្ដាល,14,2020-09-07 01:59:43.396,2020-09-07 01:59:43.396,0,តាមប្រកាសរបស់ក្រសួងមហាផ្ទៃលេខ ៤៩៣ ចុះថ្ងៃទី៣០ ខែមេសា ឆ្នាំ២០០១
2109,1,2109,ស្រុក,District,Tram Kak,តាមប្រកាសលេខ ៤៩៣ ប្រ.ក,2001-04-29T17:00:00.000+0000,202,ត្រាំកក់,21,2020-09-07 01:59:43.398,2020-09-07 01:59:43.398,0,
2102,1,2102,ស្រុក,District,Bati,លេខ ៤៩៣ ប្រ.ក,2001-04-29T17:00:00.000+0000,202,បាទី,21,2020-09-07 01:59:43.398,2020-09-07 01:59:43.398,0,
2110,1,2110,ស្រុក,District,Treang,លេខ ៤៩៣ ប្រ.ក,2001-04-29T17:00:00.000+0000,202,ទ្រាំង,21,2020-09-07 01:59:43.398,2020-09-07 01:59:43.398,0,តាមប្រកាសក្រសួងមហាផ្ទៃ
1407,1,1407,ស្រុក,District,Peam Ro,លេខ​៤៩៣​ប្រ.ក,2001-04-29T17:00:00.000+0000,202,ពាមរក៍,14,2020-09-07 01:59:43.395,2020-09-07 01:59:43.395,0,តាមប្រកាសរបស់ក្រសួងមហាផ្ទៃលេខ ៤៩៣ ចុះថ្ងៃទី៣០ ខែមេសា ឆ្នាំ២០០១
1404,1,1404,ស្រុក,District,Kanhchriech,លេខ​៤៩៣​ប្រ.ក,2001-04-29T17:00:00.000+0000,202,កញ្ជ្រៀច,14,2020-09-07 01:59:43.395,2020-09-07 01:59:43.395,0,តាមប្រកាសរបស់ក្រសួងមហាផ្ទៃលេខ ៤៩៣ ចុះថ្ងៃទី៣០ ខែមេសា ឆ្នាំ២០០១
2503,1,2503,ស្រុក,District,Memot,Royal Degree 1445,2013-12-30T17:00:00.000+0000,202,មេមត់,25,2020-09-07 01:59:43.398,2020-09-07 01:59:43.398,0,Royal Degree 1445 on 31 Dec 2013 Move to Tboung Khmum
1006,1,1006,ស្រុក,District,Chetr Borei,អនុក្រឹតលេខ ១០ អនក្រ.បក,2009-01-08T17:00:00.000+0000,202,ចិត្របុរី,10,2020-09-07 01:59:43.396,2020-09-07 01:59:43.396,0,កាលពីមុនជាស្រុកក្រចេះតាមប្រកាសលេខ ៤៩៣ ប្រ.ក ចុះថ្ងៃទី៣០ ខែមេសា ឆ្នាំ២០០១​ របស់ក្រសួងមហាផ្ទៃ បច្ចុន្បន្នជាស្រុកចិត្របុរីតាមអនុក្រឹតលេខ ១០ អនក្រ.បក ចុះថ្ងៃទី០៩ ខែមករា ឆ្នាំ២០០៩។
2104,1,2104,ស្រុក,District,Kiri Vong,លេខ ៤៩៣ ប្រ.ក,2001-04-29T17:00:00.000+0000,202,គីរីវង់,21,2020-09-07 01:59:43.398,2020-09-07 01:59:43.398,0,តាមប្រកាសក្រសួងមហាផ្ទៃ
605,1,605,ស្រុក,District,Prasat Sambour,លេខប្រកាស ៤៩៣ ប្រ.ក,2001-04-29T17:00:00.000+0000,202,ប្រាសាទសំបូរ,6,2020-09-07 01:59:43.398,2020-09-07 01:59:43.398,0,
306,1,306,ស្រុក,District,Kampong Siem,ប្រកាសលេខ ៤៩៣ប្រ.ក,2001-04-29T17:00:00.000+0000,202,កំពង់សៀម,3,2020-09-07 01:59:43.400,2020-09-07 01:59:43.400,0,
904,1,904,ក្រុង,Municipality,Khemara Phoumin,អនុក្រឹត្យលេខ ២២២​ អនុក្រ.បក,2008-12-29T17:00:00.000+0000,201,ខេមរភូមិន្ទ,9,2020-09-07 01:59:43.400,2020-09-07 01:59:43.400,0,ត្រូវបានប្តូរស្រុលស្មាច់មានជ័យទៅជាក្រុងខេមរភូមិន្ទ
802,1,802,ស្រុក,District,Kien Svay,លេខ ៤៩៣ ប្រ.ក,2001-04-29T17:00:00.000+0000,202,កៀនស្វាយ,8,2020-09-07 01:59:43.399,2020-09-07 01:59:43.399,0,តាមប្រកាសក្រសួងមហាផ្ទៃ
803,1,803,ស្រុក,District,Khsach Kandal,លេខ ៤៩៣ ប្រ.ក,2001-04-29T17:00:00.000+0000,202,ខ្សាច់កណ្ដាល,8,2020-09-07 01:59:43.399,2020-09-07 01:59:43.399,0,តាមប្រកាសក្រសួងមហាផ្ទៃ
1202,1,1202,ខណ្ឌ,Khan,Doun Penh,ប្រកាសលេខ ៤៩៣ ប្រ.ក,2001-04-29T17:00:00.000+0000,203,ដូនពេញ,12,2020-09-07 01:59:43.396,2020-09-07 01:59:43.396,0,
1206,1,1206,ខណ្ឌ,Khan,Mean Chey,ប្រកាសលេខ ៤៩៣ ប្រ.ក,2001-04-29T17:00:00.000+0000,203,មានជ័យ,12,2020-09-07 01:59:43.396,2020-09-07 01:59:43.396,0,
607,1,607,ស្រុក,District,Santuk,លេខប្រកាស ៤៩៣ ប្រ.ក,2001-04-29T17:00:00.000+0000,202,សន្ទុក,6,2020-09-07 01:59:43.399,2020-09-07 01:59:43.399,0,
508,1,508,ស្រុក,District,Thpong,លេខ​៤៩៣​ប្រ.ក,2001-04-29T17:00:00.000+0000,202,ថ្ពង,5,2020-09-07 01:59:43.400,2020-09-07 01:59:43.400,0,តាមប្រកាសក្រសួងមហាផ្ទៃ
901,1,901,ស្រុក,District,Botum Sakor,ប្រកាសលេខ ៤៩៣ ប្រ.ក របស់ក្រសួងមហាផ្ទៃ,2001-04-29T17:00:00.000+0000,202,បុទុមសាគរ,9,2020-09-07 01:59:43.399,2020-09-07 01:59:43.399,0,
906,1,906,ស្រុក,District,Srae Ambel,ប្រកាសលេខ​ ៤៩៣ ប្រ.ក  របស់ក្រសួងមហាផ្ទៃ,2001-04-29T17:00:00.000+0000,202,ស្រែ អំបិល,9,2020-09-07 01:59:43.400,2020-09-07 01:59:43.400,0,
704,1,704,ស្រុក,District,Chum Kiri,ប្រកាសលេខ​ ៤៩៣​ ប្រ.ក របស់ក្រសួងមហាផ្ទៃ,2001-04-28T17:00:00.000+0000,202,ជុំគិរី,7,2020-09-07 01:59:43.400,2020-09-07 01:59:43.400,0,
1502,1,1502,ស្រុក,District,Kandieng,លេខ​៤៩៣​ប្រ.ក,2001-04-29T17:00:00.000+0000,202,កណ្ដៀង,15,2020-09-07 01:59:43.395,2020-09-07 01:59:43.395,0,តាមប្រកាសរបស់ក្រសួងមហាផ្ទៃ
1701,1,1701,ស្រុក,District,Angkor Chum,,,202,អង្គរជុំ,17,2020-09-07 01:59:43.398,2020-09-07 01:59:43.398,0,
2108,1,2108,ក្រុង,Municipality,Doun Kaev,២២៦ អនក្រ.បក,2008-12-29T17:00:00.000+0000,201,ដូនកែវ,21,2020-09-07 01:59:43.398,2020-09-07 01:59:43.398,0,កាលពីមុនជាស្រុកដូនកែវតាមប្រកាសលេខ ៤៩៣ ប្រ.ក ចុះថ្ងៃទី៣០ ខែមេសា ឆ្នាំ២០០១​ របស់ក្រសួងមហាផ្ទៃ បច្ចុន្បន្នជាក្រុងដូនកែវតាមអនុក្រឹតលេខ ២២៦ អនក្រ.បក ចុះថ្ងៃទី៣០ ខែធ្នូ ឆ្នាំ២០០៨។
1401,1,1401,ស្រុក,District,Ba Phnum,ប្រកាសលេខ ៤៩៣ ប្រ.ក,2001-04-29T17:00:00.000+0000,202,បាភ្នំ,14,2020-09-07 01:59:43.395,2020-09-07 01:59:43.395,0,តាមប្រកាសរបស់ក្រសួងមហាផ្ទៃលេខ​ ៤៩៣​ ប្រ.ក​ចុះថ្ងៃទី៣០ ​ខែមេសា​ឆ្នាំ២០០១
1307,1,1307,ស្រុក,District,Tbaeng Mean Chey,លេខប្រកាស ៤៩៣ ប្រ.ក,2001-04-29T17:00:00.000+0000,202,ត្បែងមានជ័យ,13,2020-09-07 01:59:43.397,2020-09-07 01:59:43.397,0,
1003,1,1003,ស្រុក,District,Prek Prasab,ប្រកាសលេខ ៤៩៣ ប្រ.ក,2001-04-29T17:00:00.000+0000,202,ព្រែកប្រសព្វ,10,2020-09-07 01:59:43.396,2020-09-07 01:59:43.396,0,
1709,1,1709,ស្រុក,District,Prasat Bakong,,,202,ប្រាសាទបាគង,17,2020-09-07 01:59:43.397,2020-09-07 01:59:43.397,0,
1208,1,1208,ខណ្ឌ,Khan,Saensokh,អនុក្រឹត្យលេខ០៣ អនក្រ.បក,2009-01-08T17:00:00.000+0000,203,សែនសុខ,12,2020-09-07 01:59:43.395,2020-09-07 01:59:43.395,0,
1001,1,1001,ស្រុក,District,Chhloung,ប្រកាសលេខ ៤៩៣ ប្រ.ក,2001-04-29T17:00:00.000+0000,202,ឆ្លូង,10,2020-09-07 01:59:43.397,2020-09-07 01:59:43.397,0,
302,1,302,ស្រុក,District,Chamkar Leu,ប្រកាសលេខ ៤៩៣ ប្រ.ក,2001-04-29T17:00:00.000+0000,202,ចំការលើ,3,2020-09-07 01:59:43.395,2020-09-07 01:59:43.395,0,
1606,1,1606,ស្រុក,District,Ou Chum,ប្រកាសលេខ ៤៩៣ ប្រ.ក,2001-04-29T17:00:00.000+0000,202,អូរជុំ,16,2020-09-07 01:59:43.396,2020-09-07 01:59:43.396,0,
1607,1,1607,ស្រុក,District,Ou Ya Dav,ប្រកាសលេខ ៤៩៣ ប្រ.ក,2001-04-29T17:00:00.000+0000,202,អូរយ៉ាដាវ,16,2020-09-07 01:59:43.396,2020-09-07 01:59:43.396,0,
202,1,202,ស្រុក,District,Thma Koul,លេខ​៤៩៣ប្រ.ក,2001-04-29T17:00:00.000+0000,202,ថ្មគោល,2,2020-09-07 01:59:43.399,2020-09-07 01:59:43.399,0,តាមប្រកាសរបស់ក្រសួងមហាផ្ទៃ
503,1,503,ស្រុក,District,Kong Pisei,លេខ​៤៩៣​ប្រ.ក,2001-04-29T17:00:00.000+0000,202,គងពិសី,5,2020-09-07 01:59:43.400,2020-09-07 01:59:43.400,0,តាមប្រកាសក្រសួងមហាផ្ទៃ
102,1,102,ស្រុក,District,Mongkol Borei,ប្រកាសលេខ ៤៩៣ប្រ.ក,2001-04-29T17:00:00.000+0000,202,មង្គលបូរី,1,2020-09-07 01:59:43.400,2020-09-07 01:59:43.400,0,
103,1,103,ស្រុក,District,Phnum Srok,ប្រកាសលេខ ៤៩៣ប្រ.ក,2001-04-29T17:00:00.000+0000,202,ភ្នំស្រុក,1,2020-09-07 01:59:43.398,2020-09-07 01:59:43.398,0,
212,1,212,ស្រុក,District,Kamrieng,លេខ​៤៩៣​ប្រ.ក,2001-04-29T17:00:00.000+0000,202,កំរៀង,2,2020-09-07 01:59:43.399,2020-09-07 01:59:43.399,0,តាមប្រកាសរបស់ក្រសួងមហាផ្ទៃ
603,1,603,ក្រុង,Municipality,Stueng Saen,អនុក្រឹតលេខ ១៥ អនក្រ.បក,2009-01-08T17:00:00.000+0000,201,ស្ទឹងសែន,6,2020-09-07 01:59:43.400,2020-09-07 01:59:43.400,0,កាលពីមុនជាស្រុកស្ទឹងសែនតាមប្រកាសលេខ ៤៩៣ ប្រ.ក ចុះថ្ងៃទី៣០ ខែមេសា ឆ្នាំ២០០១​ របស់ក្រសួងមហាផ្ទៃ បច្ចុន្បន្នជាក្រុងស្ទឹងសែនតាមអនុក្រឹតលេខ ១៥ អនក្រ.បក ចុះថ្ងៃទី០៩ ខែមករា ឆ្នាំ២០០៩។
404,1,404,ស្រុក,District,Kampong Leaeng,ប្រកាសលេខ៤៩៣ ប្រ.ក,2001-04-29T17:00:00.000+0000,202,កំពង់លែង,4,2020-09-07 01:59:43.399,2020-09-07 01:59:43.399,0,
209,1,209,ស្រុក,District,Samlout,លេខ​៤៩៣ប្រ.ក,2001-04-29T17:00:00.000+0000,202,សំឡូត,2,2020-09-07 01:59:43.401,2020-09-07 01:59:43.401,0,តាមប្រកាសរបស់ក្រសួងមហាផ្ទៃ
203,1,203,ក្រុង,Municipality,Battambang,"២២៣​អនក្រុ,បក",2008-12-29T17:00:00.000+0000,201,បាត់ដំបង,2,2020-09-07 01:59:43.399,2020-09-07 01:59:43.399,0,ពីមុនជាស្រុកបាត់ដំបង ​ឥឡូវប្ដូរមកជាក្រុងបាត់ដំបង
708,1,708,ក្រុង,Municipality,Kampot,អនុក្រឹត្យលេខ​ ២២១ អនក្រ.បក,2008-12-29T17:00:00.000+0000,201,កំពត,7,2020-09-07 01:59:43.400,2020-09-07 01:59:43.400,0,ត្រូវបានប្តូរស្រុកកំពង់បាយទៅជាក្រុងកំពត
1413,1,1413,ស្រុក,District,Svay Antor,០៩ អនក្រ.បក,2009-01-08T17:00:00.000+0000,202,ស្វាយអន្ទរ,14,2020-09-07 01:59:43.396,2020-09-07 01:59:43.396,0,ពីមុនជាស្រុកព្រៃវែង តែឥលូវត្រូវបានប្តូរទៅជាស្រុកស្វាយអន្ទរតាមអនុក្រឹងលេខ ០៩អនក្រ.បក
1506,1,1506,ស្រុក,District,Veal Veaeng,លេខ​៤៩៣​ប្រ.ក,2001-04-29T17:00:00.000+0000,202,វាលវែង,15,2020-09-07 01:59:43.397,2020-09-07 01:59:43.397,0,តាមប្រកាសរបស់ក្រសួងមហាផ្ទៃ
2501,1,2501,ស្រុក,District,Dambae,Royal Degree 1445,2013-12-30T17:00:00.000+0000,202,តំបែរ,25,2020-09-07 01:59:43.398,2020-09-07 01:59:43.398,0,Royal Degree 1445 on 31 Dec 2013 Move to Tboung Khmum
1409,1,1409,ស្រុក,District,Preah Sdach,លេខ​៤៩៣​ប្រ.ក,2001-04-29T17:00:00.000+0000,202,ព្រះស្ដេច,14,2020-09-07 01:59:43.396,2020-09-07 01:59:43.396,0,តាមប្រកាសរបស់ក្រសួងមហាផ្ទៃលេខ ៤៩៣ ប្រ.ក ចុះថ្ងៃទី៣០ ខែមេសា ឆ្នាំ២០០១
2402,1,2402,ស្រុក,District,Sala Krau,០៥​អនក្រ.បក​,2009-01-08T17:00:00.000+0000,202,សាលាក្រៅ,24,2020-09-07 01:59:43.398,2020-09-07 01:59:43.398,0,អនុក្រឹត្យ​ស្តីពី​ការប្តូរខណ្ឌ​នៃខេត្តប៉ៃលិនទៅជាក្រុង​និងជាស្រុក
1609,1,1609,ស្រុក,District,Veun Sai,ប្រកាសលេខ ៤៩៣ ប្រ.ក,2001-04-29T17:00:00.000+0000,202,វើនសៃ,16,2020-09-07 01:59:43.395,2020-09-07 01:59:43.395,0,
1406,1,1406,ស្រុក,District,Peam Chor,លេខ ៤៩៣ ប្រ.ក,2001-04-29T17:00:00.000+0000,202,ពាមជរ,14,2020-09-07 01:59:43.395,2020-09-07 01:59:43.395,0,តាមប្រកាសរបស់ក្រសួងមហាផ្ទៃលេខ ៤៩៣ ចុះថ្ងៃទី៣០ ខែមេសា ឆ្នាំ២០០១
207,1,207,ស្រុក,District,Rotonak Mondol,លេខ​៤៩៣ប្រ.ក,2001-04-29T17:00:00.000+0000,202,រតនមណ្ឌល,2,2020-09-07 01:59:43.398,2020-09-07 01:59:43.398,0,តាមប្រកាសរបស់ក្រសួងមហាផ្ទៃ
307,1,307,ស្រុក,District,Kang Meas,ប្រកាសលេខ ៤៩៣ ប្រ.ក,2001-04-29T17:00:00.000+0000,202,កងមាស,3,2020-09-07 01:59:43.400,2020-09-07 01:59:43.400,0,
407,1,407,ស្រុក,District,Sameakki Mean Chey,ប្រកាសលេខ៤៩៣ ប្រ.ក,2001-04-29T17:00:00.000+0000,202,សាមគ្គីមានជ័យ,4,2020-09-07 01:59:43.399,2020-09-07 01:59:43.399,0,
104,1,104,ស្រុក,District,Preah Netr Preah,ប្រកាសលេខ ៤៩៣ប្រ.ក,2001-04-29T17:00:00.000+0000,202,ព្រះនេត្រព្រះ,1,2020-09-07 01:59:43.400,2020-09-07 01:59:43.400,0,
805,1,805,ស្រុក,District,Leuk Daek,លេខ​ ៤៩៣ ប្រ.ក,2001-04-29T17:00:00.000+0000,202,លើកដែក,8,2020-09-07 01:59:43.399,2020-09-07 01:59:43.399,0,តាមប្រកាសក្រសួងមហាផ្ទៃ
606,1,606,ស្រុក,District,Sandan,លេខប្រកាស ៤៩៣ ប្រ.ក,2001-04-29T17:00:00.000+0000,202,សណ្ដាន់,6,2020-09-07 01:59:43.399,2020-09-07 01:59:43.399,0,
206,1,206,ស្រុក,District,Moung Ruessei,លេខ​៤៩៣ប្រ.ក,2001-04-29T17:00:00.000+0000,202,មោងឫស្សី,2,2020-09-07 01:59:43.399,2020-09-07 01:59:43.399,0,តាមប្រកាសរបស់ក្រសួងមហាផ្ទៃ
1703,1,1703,ស្រុក,District,Banteay Srei,,,202,បន្ទាយស្រី,17,2020-09-07 01:59:43.397,2020-09-07 01:59:43.397,0,
2301,1,2301,ស្រុក,District,Damnak Chang'aeur,អនុក្រឹត្យលេខ ០៦ អនក្រ.បក,2009-01-08T17:00:00.000+0000,202,ដំណាក់ចង្អើរ,23,2020-09-07 01:59:43.398,2020-09-07 01:59:43.398,0,ត្រូវបានប្តូរខណ្ឌដំណាក់ចង្អើរទៅជាស្រុកដំណាក់ចង្អើរ
303,1,303,ស្រុក,District,Cheung Prey,ប្រកាសលេខ ៤៩៣ប្រ.ក,2001-04-29T17:00:00.000+0000,202,ជើងព្រៃ,3,2020-09-07 01:59:43.398,2020-09-07 01:59:43.398,0,
504,1,504,ស្រុក,District,Aoral,លេខ​៤៩៣​ប្រ.ក,2001-04-29T17:00:00.000+0000,202,ឱរ៉ាល់,5,2020-09-07 01:59:43.398,2020-09-07 01:59:43.398,0,តាមប្រកាសក្រសួងមហាផ្ទៃ
2505,1,2505,ស្រុក,District,Ponhea Kraek,Royal Degree 1445,2013-12-30T17:00:00.000+0000,202,ពញាក្រែក,25,2020-09-07 01:59:43.398,2020-09-07 01:59:43.398,0,Royal Degree 1445 on 31 Dec 2013 Move to Tboung Khmum
1101,1,1101,ស្រុក,District,Kaev Seima,ប្រកាសលេខ ៤៩៣ ប្រ.ក,2001-04-29T17:00:00.000+0000,202,កែវសីមា,11,2020-09-07 01:59:43.395,2020-09-07 01:59:43.395,0,
2106,1,2106,ស្រុក,District,Prey Kabbas,លេខ ៤៩៣ ប្រ.ក,2001-03-31T17:00:00.000+0000,202,ព្រៃកប្បាស,21,2020-09-07 01:59:43.395,2020-09-07 01:59:43.395,0,
1405,1,1405,ស្រុក,District,Me Sang,លេខ​៤៩៣​ប្រ.ក,2001-04-29T17:00:00.000+0000,202,មេសាង,14,2020-09-07 01:59:43.395,2020-09-07 01:59:43.395,0,តាមប្រកាសរបស់ក្រសួងមហាផ្ទៃលេខ ៤៩៣ ចុះថ្ងៃទី៣០ ខែមេសា ឆ្នាំ២០០១
1304,1,1304,ស្រុក,District,Kuleaen,លេខប្រកាស ៤៩៣ ប្រ.ក,2001-04-29T17:00:00.000+0000,202,គូលែន,13,2020-09-07 01:59:43.395,2020-09-07 01:59:43.395,0,
1710,1,1710,ក្រុង,Municipality,Siem Reap,អនុក្រឹតលេខ ១៣ អនក្រ.បក,2009-01-08T17:00:00.000+0000,201,សៀមរាប,17,2020-09-07 01:59:43.395,2020-09-07 01:59:43.395,0,កាលពីមុនជាស្រុកសៀមរាបតាមប្រកាសលេខ ៤៩៣ ប្រ.ក ចុះថ្ងៃទី៣០ ខែមេសា ឆ្នាំ២០០១​ របស់ក្រសួងមហាផ្ទៃ បច្ចុន្បន្នជាក្រុងសៀមរាបតាមអនុក្រឹតលេខ ១៣ អនក្រ.បក ចុះថ្ងៃទី០៩ ខែមករា ឆ្នាំ២០០៩។
604,1,604,ស្រុក,District,Prasat Ballangk,លេខប្រកាស ៤៩៣ ប្រ.ក,2001-04-29T17:00:00.000+0000,202,ប្រាសាទបល្ល័ង្គ,6,2020-09-07 01:59:43.401,2020-09-07 01:59:43.401,0,
810,1,810,ស្រុក,District,S'ang,លេខ ៤៩៣ ប្រ.ក,2001-04-29T17:00:00.000+0000,202,ស្អាង,8,2020-09-07 01:59:43.399,2020-09-07 01:59:43.399,0,តាមប្រកាសក្រសួងមហាផ្ទៃ
608,1,608,ស្រុក,District,Stoung,លេខប្រកាស ៤៩៣ ប្រ.ក,2001-04-29T17:00:00.000+0000,202,ស្ទោង,6,2020-09-07 01:59:43.399,2020-09-07 01:59:43.399,0,
405,1,405,ស្រុក,District,Kampong Tralach,ប្រកាសលេខ៤៩៣ ប្រ.ក,2001-04-29T17:00:00.000+0000,202,កំពង់ត្រឡាច,4,2020-09-07 01:59:43.399,2020-09-07 01:59:43.399,0,
110,1,110,ក្រុង,Municipality,Paoy Paet,អនុក្រឹត្យលេខ ២៣២អនក្រ.បក,2008-12-29T17:00:00.000+0000,201,ប៉ោយប៉ែត,1,2020-09-07 01:59:43.400,2020-09-07 01:59:43.400,0,អនុក្រឹត្យលេខ ២៣២អនក្រ.បក ស្តីពីការបង្កើត ក្រុងប៉ោយប៉ែត នៃខេត្តបន្ទាយមានជ័យ
1005,1,1005,ស្រុក,District,Snuol,ប្រកាសលេខ ៤៩៣ ប្រ.ក,2001-04-29T17:00:00.000+0000,202,ស្នួល,10,2020-09-07 01:59:43.396,2020-09-07 01:59:43.396,0,
1801,1,1801,ក្រុង,Municipality,Preah Sihanouk,អនុក្រឹត្យលេខ ០៧ អនក្រ.បក,2009-01-08T17:00:00.000+0000,201,ព្រះសីហនុ,18,2020-09-07 01:59:43.396,2020-09-07 01:59:43.396,0,ត្រួវបានប្តូរឈ្មោះខណ្ឌមិត្តភាព ទៅជាក្រុងព្រះសីហនុ
1004,1,1004,ស្រុក,District,Sambour,ប្រកាសលេខ ៤៩៣ ប្រ.ក,2001-04-29T17:00:00.000+0000,202,សំបូរ,10,2020-09-07 01:59:43.396,2020-09-07 01:59:43.396,0,
1212,1,1212,ខណ្ឌ,Khan,Chbar Ampov,អនុក្រឹត្យលេខ៥៧៩ អនក្រ.បក,2013-12-24T17:00:00.000+0000,203,ច្បារអំពៅ,12,2020-09-07 01:59:43.396,2020-09-07 01:59:43.396,0,អនុក្រឹត្យស្តីពីការបង្កើតខណ្ឌថ្មី
1602,1,1602,ក្រុង,Municipality,Ban Lung,អនុក្រឹត្យលេខ ២២៧ អនក្រ.បក,2008-12-29T17:00:00.000+0000,201,បានលុង,16,2020-09-07 01:59:43.396,2020-09-07 01:59:43.396,0,
1209,1,1209,ខណ្ឌ,Khan,Pur SenChey,អនុក្រិតលេខ៨០,2011-05-17T17:00:00.000+0000,203,ពោធិ៍សែនជ័យ,12,2020-09-07 01:59:43.396,2020-09-07 01:59:43.396,0,បង្កើតខណ្ឌថ្មី
1102,1,1102,ស្រុក,District,Kaoh Nheaek,ប្រកាសលេខ ៤៩៣ ប្រ.ក,2001-04-29T17:00:00.000+0000,202,កោះញែក,11,2020-09-07 01:59:43.397,2020-09-07 01:59:43.397,0,
707,1,707,ស្រុក,District,Tuek Chhou,អនុក្រឹត្យលេខ​ ២២១ អនក្រ.បក,2008-12-29T17:00:00.000+0000,202,ទឹកឈូ,7,2020-09-07 01:59:43.400,2020-09-07 01:59:43.400,0,ត្រូវបានប្តូរឈ្មោះស្រុកកំពតទៅជាស្រុកទឹកឈូរ
1901,1,1901,ស្រុក,District,Sesan,ប្រកាសលេខ ៤៩៣ ប្រ.ក,2001-04-29T17:00:00.000+0000,202,សេសាន,19,2020-09-07 01:59:43.395,2020-09-07 01:59:43.395,0,
1905,1,1905,ស្រុក,District,Thala Barivat,ប្រកាសលេខ ៤៩៣ ប្រ.ក,2001-04-29T17:00:00.000+0000,202,ថាឡាបរិវ៉ាត់,19,2020-09-07 01:59:43.396,2020-09-07 01:59:43.396,0,
2506,1,2506,ក្រុង,Municipality,Suong,ព្រះរាជក្រិត្យលេខ ១៤៤៥,2013-12-30T17:00:00.000+0000,201,សួង,25,2020-09-07 01:59:43.398,2020-09-07 01:59:43.398,0,"អនុក្រឹត្យលេខ ២៣៤អនក្រ.បក ស្តីពីការបង្កើត ក្រុងសួង នៃខេត្តកំពង់ចាម, Royal Degree 1445 on 31 Dec 2013 Move to Tboung Khmum"
2203,1,2203,ស្រុក,District,Chong Kal,,,202,ចុងកាល់,22,2020-09-07 01:59:43.396,2020-09-07 01:59:43.396,0,
1205,1,1205,ខណ្ឌ,Khan,Dangkao,ប្រកាសលេខ ៤៩៣ ប្រ.ក,2001-04-29T17:00:00.000+0000,203,ដង្កោ,12,2020-09-07 01:59:43.396,2020-09-07 01:59:43.396,0,
506,1,506,ស្រុក,District,Phnum Sruoch,លេខ​៤៩៣​ប្រ.ក,2001-04-29T17:00:00.000+0000,202,ភ្នំស្រួច,5,2020-09-07 01:59:43.398,2020-09-07 01:59:43.398,0,តាមប្រកាសក្រសួងមហាផ្ទៃ
1503,1,1503,ស្រុក,District,Krakor,លេខ​៤៩៣​ប្រ.ក,2001-04-29T17:00:00.000+0000,202,ក្រគរ,15,2020-09-07 01:59:43.395,2020-09-07 01:59:43.395,0,តាមប្រកាសរបស់ក្រសួងមហាផ្ទៃ
2006,1,2006,ក្រុង,Municipality,Svay Rieng,១២ អនក្រ.បក,2009-01-08T17:00:00.000+0000,201,ស្វាយរៀង,20,2020-09-07 01:59:43.398,2020-09-07 01:59:43.398,0,ពីមុនជាស្រុកស្វាយរៀងតាមប្រកាសរបស់ក្រសួង​មហាផ្ទៃ លេខ​ ៤៩៣ ប្រ.ក.​​ ចុះថ្ងៃទី ៣០​ ខែមេសា ២០០៩ . បច្ចុប្បន្នប្តូរទៅជាក្រុងស្វាយរៀង
1305,1,1305,ស្រុក,District,Rovieng,លេខប្រកាស ៤៩៣ ប្រ.ក,2001-04-29T17:00:00.000+0000,202,រវៀង,13,2020-09-07 01:59:43.397,2020-09-07 01:59:43.397,0,
106,1,106,ក្រុង,Municipality,Serei Saophoan,អនុក្រឹត្យលេខ ១៦អនក្រ.បក,2009-01-08T17:00:00.000+0000,201,សិរីសោភ័ណ,1,2020-09-07 01:59:43.400,2020-09-07 01:59:43.400,0,អនុក្រឹត្យលេខ ១៦អនក្រ.បក ស្តីពីការប្តូរស្រុកសិរីសោភ័ណ ទៅជាក្រុងសិរីសោភ័ណ នៃខេត្តបន្ទាយមានជ័យ
706,1,706,ស្រុក,District,Kampong Trach,ប្រកាសលេខ ៤៩៣ ប្រ.ក របស់ក្រសួងមហាផ្ទៃ,2001-04-29T17:00:00.000+0000,202,កំពង់ត្រាច,7,2020-09-07 01:59:43.400,2020-09-07 01:59:43.400,0,
205,1,205,ស្រុក,District,Aek Phnum,លេខ​៤៩៣ប្រ.ក,2001-04-29T17:00:00.000+0000,202,ឯកភ្នំ,2,2020-09-07 01:59:43.401,2020-09-07 01:59:43.401,0,តាមប្រកាសរបស់ក្រសួងមហាផ្ទៃ
402,1,402,ស្រុក,District,Chol Kiri,ប្រកាសលេខ៤៩៣ ប្រ.ក,2001-04-29T17:00:00.000+0000,202,ជលគីរី,4,2020-09-07 01:59:43.398,2020-09-07 01:59:43.398,0,
107,1,107,ស្រុក,District,Thma Puok,ប្រកាសលេខ ៤៩៣ប្រ.ក,2001-04-29T17:00:00.000+0000,202,ថ្មពួក,1,2020-09-07 01:59:43.400,2020-09-07 01:59:43.400,0,
2507,1,2507,ស្រុក,District,Tboung Khmum,Royal Degree 1445,2013-12-30T17:00:00.000+0000,202,ត្បូងឃ្មុំ,25,2020-09-07 01:59:43.398,2020-09-07 01:59:43.398,0,Royal Degree 1445 on 31 Dec 2013 Move to Tboung Khmum
2007,1,2007,ស្រុក,District,Svay Teab,ប្រកាសលេខ ៤៩៣ ប្រ.ក,2001-04-29T17:00:00.000+0000,202,ស្វាយទាប,20,2020-09-07 01:59:43.398,2020-09-07 01:59:43.398,0,តាមប្រកាសរបស់ក្រសួងមហាផ្ទៃលេខ ៤៩៣ ប្រ.ក ចុះថ្ងៃទី៣០ ខែមេសា ឆ្នាំ២០០១
2502,1,2502,ស្រុក,District,Krouch Chhmar,Royal Degree 1445,2013-12-30T17:00:00.000+0000,202,ក្រូចឆ្មារ,25,2020-09-07 01:59:43.398,2020-09-07 01:59:43.398,0,Royal Degree 1445 on 31 Dec 2013 Move to Tboung Khmum
2201,1,2201,ស្រុក,District,Anlong Veaeng,,,202,អន្លង់វែង,22,2020-09-07 01:59:43.396,2020-09-07 01:59:43.396,0,
1410,1,1410,ក្រុង,Municipality,Prey Veng,០៩ អនក្រ.បក,2009-01-08T17:00:00.000+0000,201,ព្រៃវែង,14,2020-09-07 01:59:43.396,2020-09-07 01:59:43.396,0,ពីមុនជាស្រុកព្រៃវែងតាមប្រកាសរបស់ក្រសួងមហាផ្ទៃលេខ ៤៩៣ ប្រ.ក ចុះថ្ថៃទី៣០ ខែមេសា ឆ្នាំ២០០១ ប៉ុន្តៃបច្ចុន្បន្នប្ដូរទៅជាក្រុងព្រៃវែង
2001,1,2001,ស្រុក,District,Chantrea,៤៩៣ ប្រ.ក,2001-04-29T17:00:00.000+0000,202,ចន្ទ្រា,20,2020-09-07 01:59:43.398,2020-09-07 01:59:43.398,0,តាមប្រកាសរបស់ក្រសួងមហាផ្ទៃ
1308,1,1308,ក្រុង,Municipality,Preah Vihear,អនុក្រឹតលេខ ១១ អនក្រ.បក,2009-01-08T17:00:00.000+0000,201,ព្រះវិហារ,13,2020-09-07 01:59:43.397,2020-09-07 01:59:43.397,0,កាលពីមុនជាស្រុកត្បែងមានជ័យតាមប្រកាសលេខ ៤៩៣ ប្រ.ក ចុះថ្ងៃទី៣០ ខែមេសា ឆ្នាំ២០០១​ របស់ក្រសួងមហាផ្ទៃ បច្ចុន្បន្នជាក្រុងព្រះវិហារតាមអនុក្រឹតលេខ ១១ អនក្រ.បក ចុះថ្ងៃទី០៩ ខែមករា ឆ្នាំ២០០៩។
2101,1,2101,ស្រុក,District,Angkor Borei,លេខ ៤៩៣ ប្រ.ក,2001-04-29T17:00:00.000+0000,202,អង្គរបូរី,21,2020-09-07 01:59:43.398,2020-09-07 01:59:43.398,0,តាមប្រកាសក្រសួងមហាផ្ទៃ
314,1,314,ស្រុក,District,Srei Santhor,អនុក្រឹត្យលេខ ២៣៤អនក្រ.បក,2001-04-29T17:00:00.000+0000,202,ស្រីសន្ធរ,3,2020-09-07 01:59:43.400,2020-09-07 01:59:43.400,0,
804,1,804,ស្រុក,District,Kaoh Thum,តាមប្រកាសលេខ ៤៩៣ ប្រ.ក,2001-04-29T17:00:00.000+0000,202,កោះធំ,8,2020-09-07 01:59:43.399,2020-09-07 01:59:43.399,0,ប្រកាសរបស់ក្រសួងមហាផ្ទៃ
109,1,109,ស្រុក,District,Malai,ប្រកាសលេខ ៤៩៣ប្រ.ក,2001-04-29T17:00:00.000+0000,202,ម៉ាឡៃ,1,2020-09-07 01:59:43.400,2020-09-07 01:59:43.400,0,
1803,1,1803,ស្រុក,District,Stueng Hav,អនុក្រឹត្យលេខ ០៧ អនក្រ.បក,2009-01-08T17:00:00.000+0000,202,ស្ទឹងហាវ,18,2020-09-07 01:59:43.396,2020-09-07 01:59:43.396,0,ត្រូវបានប្តូរខណ្ឌស្ទឹងហាវទៅជាស្រុកស្ទឹងហាវ
1103,1,1103,ស្រុក,District,Ou Reang,ប្រកាសលេខ ៤៩៣ ប្រ.ក,2001-04-29T17:00:00.000+0000,202,អូររាំង,11,2020-09-07 01:59:43.397,2020-09-07 01:59:43.397,0,
2008,1,2008,ក្រុង,Municipality,Bavet,២២៨ អនក្រ.បក,2008-12-29T17:00:00.000+0000,201,បាវិត,20,2020-09-07 01:59:43.398,2020-09-07 01:59:43.398,0,ពីមុនជាឃុំបាវិតនៅក្នុងដែនដីស្រុកចន្ទ្រាតាមប្រកាសរបស់ក្រសួងមហាផ្ទៃលេខ ៤៩៣ ប្រ.ក ចុះថ្ងៃទី៣០ ខែមេសា ឆ្នាំ២០០១ ប៉ុន្តៃបច្ចុន្បន្នជាក្រុងបាវិត
1902,1,1902,ស្រុក,District,Siem Bouk,ប្រកាសលេខ ៤៩៣ ប្រ.ក,2001-04-29T17:00:00.000+0000,202,សៀមបូក,19,2020-09-07 01:59:43.396,2020-09-07 01:59:43.396,0,
1403,1,1403,ស្រុក,District,Kampong Trabaek,លេខ​៤៩៣​ប្រ.ក,2001-04-29T17:00:00.000+0000,202,កំពង់ត្របែក,14,2020-09-07 01:59:43.395,2020-09-07 01:59:43.395,0,តាមប្រកាសក្រសួងមហាផ្ទៃលេខ ៤៩៣ ប្រ.ក ចុះថ្ងៃទី៣០ ខែមេសា ឆ្នាំ២០០១
208,1,208,ស្រុក,District,Sangkae,លេខ​៤៩៣ប្រ.ក,2001-04-29T17:00:00.000+0000,202,សង្កែ,2,2020-09-07 01:59:43.399,2020-09-07 01:59:43.399,0,តាមប្រកាសរបស់ក្រសួងមហាផ្ទៃ
905,1,905,ស្រុក,District,Mondol Seima,ប្រកាសលេខ​ ៤៩៣ ប្រ.ក របស់ក្រសួងមហាផ្ទៃ,2001-04-29T17:00:00.000+0000,202,មណ្ឌលសីមា,9,2020-09-07 01:59:43.400,2020-09-07 01:59:43.400,0,
806,1,806,ស្រុក,District,Lvea Aem,លេខ ៤៩៣ ប្រ.ក,2001-04-29T17:00:00.000+0000,202,ល្វាឯម,8,2020-09-07 01:59:43.399,2020-09-07 01:59:43.399,0,តាមប្រកាសក្រសួងមហាផ្ទៃ
408,1,408,ស្រុក,District,Tuek Phos,ប្រកាសលេខ ៤៩៣ប្រ.ក,2001-04-29T17:00:00.000+0000,202,ទឹកផុស,4,2020-09-07 01:59:43.399,2020-09-07 01:59:43.399,0,
809,1,809,ស្រុក,District,Ponhea Lueu,លេខ ៤៩​៣ ប្រ.ក,2001-04-29T17:00:00.000+0000,202,ពញាឮ,8,2020-09-07 01:59:43.399,2020-09-07 01:59:43.399,0,
907,1,907,ស្រុក,District,Thma Bang,ប្រកាសលេខ​ ៤៩៣ ប្រ.ក  របស់ក្រសួងមហាផ្ទៃ,2001-04-29T17:00:00.000+0000,202,ថ្មបាំង,9,2020-09-07 01:59:43.400,2020-09-07 01:59:43.400,0,
1002,1,1002,ក្រុង,Municipality,Kracheh,អនុក្រឹតលេខ ១០ អនក្រ.បក,2009-01-08T17:00:00.000+0000,201,ក្រចេះ,10,2020-09-07 01:59:43.396,2020-09-07 01:59:43.396,0,កាលពីមុនជាស្រុកក្រចេះតាមប្រកាសលេខ ៤៩៣ ប្រ.ក ចុះថ្ងៃទី៣០ ខែមេសា ឆ្នាំ២០០១​ របស់ក្រសួងមហាផ្ទៃ បច្ចុន្បន្នជាក្រុងក្រចេះតាមអនុក្រឹតលេខ ១០ អនក្រ.បក ចុះថ្ងៃទី០៩ ខែមករា ឆ្នាំ២០០៩។
1204,1,1204,ខណ្ឌ,Khan,Tuol Kouk,ប្រកាសលេខ ៤៩៣ ប្រ.ក,2001-04-29T17:00:00.000+0000,203,ទួលគោក,12,2020-09-07 01:59:43.396,2020-09-07 01:59:43.396,0,
1608,1,1608,ស្រុក,District,Ta Veaeng,ប្រកាសលេខ ៤៩៣ ប្រ.ក,2001-04-29T17:00:00.000+0000,202,តាវែង,16,2020-09-07 01:59:43.395,2020-09-07 01:59:43.395,0,
1903,1,1903,ស្រុក,District,Siem Pang,ប្រកាសលេខ ៤៩៣ ប្រ.ក,2001-04-29T17:00:00.000+0000,202,សៀមប៉ាង,19,2020-09-07 01:59:43.396,2020-09-07 01:59:43.396,0,
301,1,301,ស្រុក,District,Batheay,ប្រកាសលេខ ៤៩៣ប្រ.ក,2001-04-29T17:00:00.000+0000,202,បាធាយ,3,2020-09-07 01:59:43.398,2020-09-07 01:59:43.398,0,
1207,1,1207,ខណ្ឌ,Khan,Russey Keo,ប្រកាសលេខ៤៩៣ ប្រ.ក,2001-04-29T17:00:00.000+0000,203,ឫស្សីកែវ,12,2020-09-07 01:59:43.396,2020-09-07 01:59:43.396,0,ប្ដូរពីRusuessei Kaev ទៅ Russey Keo
1604,1,1604,ស្រុក,District,Koun Mom,ប្រកាសលេខ ៤៩៣ ប្រ.ក,2001-04-29T17:00:00.000+0000,202,កូនមុំ,16,2020-09-07 01:59:43.396,2020-09-07 01:59:43.396,0,
1605,1,1605,ស្រុក,District,Lumphat,ប្រកាសលេខ ៤៩៣ ប្រ.ក,2001-04-29T17:00:00.000+0000,202,លំផាត់,16,2020-09-07 01:59:43.397,2020-09-07 01:59:43.397,0,
1711,1,1711,ស្រុក,District,Soutr Nikom,លេខ ៤៩៣ ប្រ.ក,2001-04-29T17:00:00.000+0000,202,សូទ្រនិគម,17,2020-09-07 01:59:43.395,2020-09-07 01:59:43.395,0,
602,1,602,ស្រុក,District,Kampong Svay,លេខប្រកាស ៤៩៣ ប្រ.ក,2001-04-29T17:00:00.000+0000,202,កំពង់ស្វាយ,6,2020-09-07 01:59:43.398,2020-09-07 01:59:43.398,0,
1214,1,1214,ខណ្ឌ,Khan,Kamboul,អនុក្រឹត្យលេខ០៤ អនក្រ.បក,2019-01-07T17:00:00.000+0000,203,កំបូល,12,2020-09-07 01:59:43.396,2020-09-07 01:59:43.396,0,កាត់យកសង្កាត់ចំនួន៦ពីខណ្ណពោធិសែនជ័យ
2107,1,2107,ស្រុក,District,Samraong,លេខ ៤៩៣ ប្រ.ក,2001-04-29T17:00:00.000+0000,202,សំរោង,21,2020-09-07 01:59:43.398,2020-09-07 01:59:43.398,0,តាមប្រកាសក្រសួងមហាផ្ទៃ
1303,1,1303,ស្រុក,District,Choam Ksant,លេខប្រកាស ៤៩៣ ប្រ.ក,2001-04-29T17:00:00.000+0000,202,ជាំក្សាន្ដ,13,2020-09-07 01:59:43.397,2020-09-07 01:59:43.397,0,
210,1,210,ស្រុក,District,Sampov Lun,លេខ​៤៩៣ប្រ.ក,2001-04-29T17:00:00.000+0000,202,សំពៅលូន,2,2020-09-07 01:59:43.399,2020-09-07 01:59:43.399,0,តាមប្រកាសរបស់ក្រសួងមហាផ្ទៃ
211,1,211,ស្រុក,District,Phnum Proek,លេខ​៤៩៣​ប្រ.ក,2001-04-29T17:00:00.000+0000,202,ភ្នំព្រឹក,2,2020-09-07 01:59:43.399,2020-09-07 01:59:43.399,0,តាមប្រកាសរបស់ក្រសួងមហាផ្ទៃ
701,1,701,ស្រុក,District,Angkor Chey,ប្រកាសលេខ៤៩៣​ ប្រ.ក  របស់ក្រសួងមហាផ្ទៃ,2001-04-29T17:00:00.000+0000,202,អង្គរជ័យ,7,2020-09-07 01:59:43.400,2020-09-07 01:59:43.400,0,
1802,1,1802,ស្រុក,District,Prey Nob,អនុក្រឹត្យលេខ ០៧ អនក្រ.បក,2009-01-08T17:00:00.000+0000,202,ព្រៃនប់,18,2020-09-07 01:59:43.396,2020-09-07 01:59:43.396,0,ត្រូវបានប្តូរខណ្ឌព្រៃនប់ទៅជាស្រុកព្រៃនប់
1201,1,1201,ខណ្ឌ,Khan,Chamkar Mon,ប្រកាសលេខ៤៩៣ ប្រ.ក,2001-04-29T17:00:00.000+0000,203,ចំការមន,12,2020-09-07 01:59:43.396,2020-09-07 01:59:43.396,0,
2105,1,2105,ស្រុក,District,Kaoh Andaet,៤៩៣ ប្រ.ក,2001-04-29T17:00:00.000+0000,202,កោះអណ្ដែត,21,2020-09-07 01:59:43.398,2020-09-07 01:59:43.398,0,តាមប្រកាសរបស់ក្រសួងមហាផ្ទៃ
2302,1,2302,ក្រុង,Municipality,Kaeb,អនុក្រឹត្យលេខ ០៦​ អនក្រ.បក,2009-01-08T17:00:00.000+0000,201,កែប,23,2020-09-07 01:59:43.398,2020-09-07 01:59:43.398,0,ត្រូវបានប្តូរខណ្ឌកែបទៅជាក្រុងកែប
2004,1,2004,ស្រុក,District,Romeas Haek,៤៩៣ ប្រ.ក,2001-04-29T17:00:00.000+0000,202,រមាសហែក,20,2020-09-07 01:59:43.397,2020-09-07 01:59:43.397,0,តាមប្រកាសរបស់ក្រសួងមហាផ្ទៃ
1704,1,1704,ស្រុក,District,Chi Kraeng,,,202,ជីក្រែង,17,2020-09-07 01:59:43.397,2020-09-07 01:59:43.397,0,
1804,1,1804,ស្រុក,District,Kampong Seila,ព្រះរាជក្រឹត្យលេខ នស/រកត/១២០៨/១៣៨៥,2008-12-21T17:00:00.000+0000,202,កំពង់សីលា,18,2020-09-07 01:59:43.398,2020-09-07 01:59:43.398,0,ត្រូវបានកាត់ស្រុកកំពង់សីលាទាំងមូលឱ្យមកខេត្តព្រះសីហនុ
1712,1,1712,ស្រុក,District,Srei Snam,លេខ ៤៩៣ ប្រ.ក,2001-04-29T17:00:00.000+0000,202,ស្រីស្នំ,17,2020-09-07 01:59:43.396,2020-09-07 01:59:43.396,0,
2005,1,2005,ស្រុក,District,Svay Chrum,តាមប្រកាសលេខ ៤៩៣ ប្រ.ក,2001-04-29T17:00:00.000+0000,202,ស្វាយជ្រំ,20,2020-09-07 01:59:43.397,2020-09-07 01:59:43.397,0,តាមប្រកាសរបស់ក្រសួងមហាផ្ទៃលេខ ៤៩៣ ប្រ.ក ចុះថ្ងៃទី៣០ ខែមេសា ឆ្នាំ២០០១
204,1,204,ស្រុក,District,Bavel,លេខ​៤៩៣​ប្រ.ក,2001-04-29T17:00:00.000+0000,202,បវេល,2,2020-09-07 01:59:43.398,2020-09-07 01:59:43.398,0,តាមប្រកាសរបស់ក្រសួងមហាផ្ទៃ
811,1,811,ក្រុង,Municipality,Ta Khmau,២២៨ អនក្រ.បក,2008-12-29T17:00:00.000+0000,201,តាខ្មៅ,8,2020-09-07 01:59:43.399,2020-09-07 01:59:43.399,0,កាលពីមុនជាស្រុកតាខ្មៅតាមប្រកាសលេខ ៤៩៣ ប្រ.ក ចុះថ្ងៃទី៣០ ខែមេសា ឆ្នាំ២០០១​ របស់ក្រសួងមហាផ្ទៃ បច្ចុន្បន្នប្តូរជាក្រុងតាខ្មៅតាមអនុក្រឹតលេខ ២២៤ អនក្រ.បក ចុះថ្ងៃទី៣០ ខែធ្នូ ឆ្នាំ២០០៨។
214,1,214,ស្រុក,District,Rukh Kiri,លេខ​04អនក្រ.បក,2009-01-08T17:00:00.000+0000,202,រុក្ខគិរី,2,2020-09-07 01:59:43.399,2020-09-07 01:59:43.399,0,យោងតាមអនុក្រឹត្យលេខ​04អនក្រ.បក​ដោយកាត់យកឃុំព្រៃត្រឡាច​និងឃុំព្រែកជីក​របស់ស្រុកមោងឫស្សី​នៃខេត្តបាត់ដំបង
507,1,507,ស្រុក,District,Samraong Tong,លេខ​៤៩៣​ប្រ.ក,2001-04-29T17:00:00.000+0000,202,សំរោងទង,5,2020-09-07 01:59:43.400,2020-09-07 01:59:43.400,0,តាមប្រកាសក្រសួងមហាផ្ទៃ
105,1,105,ស្រុក,District,Ou Chrov,ប្រកាសលេខ ៤៩៣ ប្រ.ក,2001-04-29T17:00:00.000+0000,202,អូរជ្រៅ,1,2020-09-07 01:59:43.400,2020-09-07 01:59:43.400,0,
